<?xml version="1.0" encoding="utf-8" ?>
<dwsync>
<file name="Header.png" server="standrew.catholic.org.hk" local="129920830650000000" remote="129939789600000000" />
<file name="st_andrew_icon.jpg" server="standrew.catholic.org.hk" local="129939230715175523" remote="129939789600000000" />
<file name="activities.png" server="standrew.catholic.org.hk" local="129934934964183999" remote="129939790200000000" />
<file name="activities_a.png" server="standrew.catholic.org.hk" local="129874334154499762" remote="129939790200000000" />
<file name="baptism_1.png" server="standrew.catholic.org.hk" local="129922008270947613" remote="129939790200000000" />
<file name="baptism_2.png" server="standrew.catholic.org.hk" local="129922008564314393" remote="129939790200000000" />
<file name="catechumen.png" server="standrew.catholic.org.hk" local="129934935401519014" remote="129939790200000000" />
<file name="catechumen_a.png" server="standrew.catholic.org.hk" local="129874334154811762" remote="129939790200000000" />
<file name="church_view.png" server="standrew.catholic.org.hk" local="129921989044157903" remote="129939790200000000" />
<file name="door.png" server="standrew.catholic.org.hk" local="129922007913937193" remote="129939790200000000" />
<file name="front_photo.jpg" server="standrew.catholic.org.hk" local="129927103073620635" remote="129939790200000000" />
<file name="front_photo.png" server="standrew.catholic.org.hk" local="129927103262351429" remote="129939790200000000" />
<file name="group.png" server="standrew.catholic.org.hk" local="129934935802181930" remote="129939790200000000" />
<file name="group_a.png" server="standrew.catholic.org.hk" local="129874334155123763" remote="129939790200000000" />
<file name="home.png" server="standrew.catholic.org.hk" local="129934941956353929" remote="129939790200000000" />
<file name="home_a.png" server="standrew.catholic.org.hk" local="129874334155747764" remote="129939790200000000" />
<file name="info.png" server="standrew.catholic.org.hk" local="129934934483876527" remote="129939790200000000" />
<file name="info_a.png" server="standrew.catholic.org.hk" local="129920842200000000" remote="129939790200000000" />
<file name="link.png" server="standrew.catholic.org.hk" local="129934936172753126" remote="129939790200000000" />
<file name="link_a.png" server="standrew.catholic.org.hk" local="129874334156371765" remote="129939790200000000" />
<file name="map.png" server="standrew.catholic.org.hk" local="129934936733145178" remote="129939790200000000" />
<file name="map_a.png" server="standrew.catholic.org.hk" local="129874334156527765" remote="129939790800000000" />
<file name="news.png" server="standrew.catholic.org.hk" local="129934937138358355" remote="129939790800000000" />
<file name="news_a.png" server="standrew.catholic.org.hk" local="129874334156683766" remote="129939790800000000" />
<file name="Our_Lady.png" server="standrew.catholic.org.hk" local="129922000112050951" remote="129939790800000000" />
<file name="pic_1.png" server="standrew.catholic.org.hk" local="129922000610049435" remote="129939790800000000" />
<file name="pic_10.png" server="standrew.catholic.org.hk" local="129922006203689373" remote="129939790800000000" />
<file name="pic_2.png" server="standrew.catholic.org.hk" local="129922002621124462" remote="129939790800000000" />
<file name="pic_3.png" server="standrew.catholic.org.hk" local="129922001959736632" remote="129939790800000000" />
<file name="pic_4.png" server="standrew.catholic.org.hk" local="129922002741351338" remote="129939790800000000" />
<file name="pic_5.png" server="standrew.catholic.org.hk" local="129922002079513483" remote="129939790800000000" />
<file name="pic_6.png" server="standrew.catholic.org.hk" local="129922006704698029" remote="129939790800000000" />
<file name="pic_7.png" server="standrew.catholic.org.hk" local="129922005785645462" remote="129939790800000000" />
<file name="pic_8.png" server="standrew.catholic.org.hk" local="129922007079079442" remote="129939790800000000" />
<file name="pic_9.png" server="standrew.catholic.org.hk" local="129922007425469254" remote="129939790800000000" />
<file name="publications.png" server="standrew.catholic.org.hk" local="129934937578733543" remote="129939790800000000" />
<file name="publications_a.png" server="standrew.catholic.org.hk" local="129874334156839766" remote="129939790800000000" />
<file name="rectangle_base.png" server="standrew.catholic.org.hk" local="129874334156839766" remote="129939790800000000" />
<file name="StAndrew.png" server="standrew.catholic.org.hk" local="129934932567661717" remote="129939790800000000" />
<file name="StVincent.png" server="standrew.catholic.org.hk" local="129934932465105851" remote="129939790800000000" />
<file name="sunday_class.png" server="standrew.catholic.org.hk" local="129934938039519899" remote="129939790800000000" />
<file name="sunday_class_a.png" server="standrew.catholic.org.hk" local="129874334156839766" remote="129939790800000000" />
<file name="timetable.png" server="standrew.catholic.org.hk" local="129874334156839766" remote="129939790800000000" />
<file name="wedding.png" server="standrew.catholic.org.hk" local="129934938422821822" remote="129939790800000000" />
<file name="wedding_a.png" server="standrew.catholic.org.hk" local="129874334156995766" remote="129939790800000000" />
</dwsync>